Category,Symbol,Entrez_Gene_ID,Allele_ID,Mutation_RefSeq_NT,Mutation_RefSeq_AA,Edgotype_class,Sort
Disease mutation,AANAT,15,15_22963,NM_001088:c.385G>A,NP_001079:p.A129T,Edgetic,1
Non-disease variant,AANAT,15,15_900207,NM_001088:c.8C>T,NP_001079:p.T3M,Quasi-wild-type,2
Disease mutation,ACTB,60,60_12760,NM_001101:c.547C>T,NP_001092:p.R183W,Quasi-wild-type,3
Disease mutation,ACTB,60,60_12761,NM_001101:c.1090G>A,NP_001092:p.E364K,Edgetic,4
Disease mutation,ACTG1,71,71_20917,NM_001614:c.266C>T,NP_001605:p.T89I,Quasi-wild-type,5
Disease mutation,ACTG1,71,71_20919,NM_001614:c.364A>G,NP_001605:p.I122V,Quasi-null,6
Disease mutation,ACTG1,71,71_20920,NM_001614:c.791C>T,NP_001605:p.P264L,Edgetic,7
Disease mutation,ACTN2,88,88_19478,NM_001103:c.26A>G,NP_001094:p.Q9R,Edgetic,8
Non-disease variant,ACTN2,88,88_900205,NM_001103:c.1423G>A,NP_001094:p.D475N,Quasi-null,9
Non-disease variant,ACTN2,88,88_900208,NM_001103:c.1810A>G,NP_001094:p.M604V,Edgetic,10
Disease mutation,ACTN4,81,81_9355,NM_004924:c.763A>G,NP_004915:p.K255E,Edgetic,11
Disease mutation,ACTN4,81,81_9356,NM_004924:c.776C>T,NP_004915:p.T259I,Edgetic,12
Disease mutation,ACTN4,81,81_9357,NM_004924:c.784T>C,NP_004915:p.S262P,Edgetic,13
Disease mutation,ADCK3,56997,56997_7775,NM_020247:c.637C>T,NP_064632:p.R213W,Quasi-null,14
Disease mutation,ADCK3,56997,56997_7777,NM_020247:c.815G>T,NP_064632:p.G272V,Edgetic,15
Disease mutation,ADCK3,56997,56997_7778,NM_020247:c.1541A>G,NP_064632:p.Y514C,Quasi-wild-type,16
Disease mutation,ADCK3,56997,56997_7780,NM_020247:c.1651G>A,NP_064632:p.E551K,Edgetic,17
Non-disease variant,ADCK3,56997,56997_900203,NM_020247:c.255T>G,NP_064632:p.H85Q,Quasi-wild-type,18
Non-disease variant,ADCK3,56997,56997_900212,NM_020247:c.238C>T,NP_064632:p.H80Y,Quasi-wild-type,19
Disease mutation,ADIPOQ,9370,9370_31129,NM_004797:c.45T>G,NP_004788:p.G15G,Quasi-wild-type,20
Disease mutation,ADIPOQ,9370,9370_31131,NM_004797:c.331T>C,NP_004788:p.Y111H,Quasi-wild-type,21
Disease mutation,ADIPOQ,9370,9370_31132,NM_004797:c.334C>T,NP_004788:p.R112C,Quasi-wild-type,22
Disease mutation,ADIPOQ,9370,9370_31133,NM_004797:c.491T>C,NP_004788:p.I164T,Quasi-wild-type,23
Disease mutation,AGER,177,177_21371,NM_001136:c.244G>A,NP_001127:p.G82S,Unperturbed-degree-1,24
Disease mutation,AHCY,191,191_10863,NM_000687:c.257A>G,NP_000678:p.D86G,Edgetic,25
Disease mutation,AHCY,191,191_10864,NM_000687:c.266C>T,NP_000678:p.A89V,Edgetic,26
Disease mutation,AHCY,191,191_10866,NM_000687:c.428A>G,NP_000678:p.Y143C,Quasi-wild-type,27
Disease mutation,AKT1,207,207_9883,NM_005163:c.726G>A,NP_005154:p.E242E,Unperturbed-degree-1,28
Disease mutation,ALAS2,212,212_15642,NM_000032:c.509G>A,NP_000023:p.R170H,Unperturbed-degree-1,29
Disease mutation,ALAS2,212,212_15648,NM_000032:c.866T>C,NP_000023:p.I289T,Perturbed-degree-1,30
Disease mutation,ALAS2,212,212_15657,NM_000032:c.1343G>A,NP_000023:p.R448Q,Perturbed-degree-1,31
Disease mutation,ALAS2,212,212_15661,NM_000032:c.1427T>A,NP_000023:p.I476N,Perturbed-degree-1,32
Disease mutation,ALDOA,226,226_708,NM_000034:c.386A>G,NP_000025:p.D129G,Unperturbed-degree-1,33
Disease mutation,ALDOA,226,226_709,NM_000034:c.619G>A,NP_000025:p.E207K,Perturbed-degree-1,34
Disease mutation,ALDOA,226,226_711,NM_000034:c.1016G>A,NP_000025:p.C339Y,Unperturbed-degree-1,35
Disease mutation,ALG3,10195,10195_7994,NM_005787:c.796C>T,NP_005778:p.R266C,Perturbed-degree-1,36
Disease mutation,ALG8,79053,79053_11053,NM_024079:c.139A>C,NP_076984:p.T47P,Unperturbed-degree-1,37
Non-disease variant,ALG8,79053,79053_900220,NM_024079:c.665A>G,NP_076984:p.N222S,Unperturbed-degree-1,38
Non-disease variant,ALG8,79053,79053_900234,NM_024079:c.1316T>C,NP_076984:p.I439T,Unperturbed-degree-1,39
Disease mutation,ALOX5,240,240_28873,NM_000698:c.760G>A,NP_000689:p.E254K,Quasi-wild-type,40
Disease mutation,ANXA11,311,311_9654,NM_001157:c.688C>T,NP_001148:p.R230C,Quasi-wild-type,41
Disease mutation,APOA1,335,335_10211,NM_000039:c.101G>T,NP_000030:p.R34L,Perturbed-degree-1,42
Disease mutation,APOA1,335,335_10221,NM_000039:c.432G>T,NP_000030:p.E144D,Perturbed-degree-1,43
Disease mutation,APOD,347,347_8607,NM_001647:c.166T>G,NP_001638:p.F56V,Quasi-wild-type,44
Disease mutation,APTX,54840,54840_30201,NM_175073:c.593C>T,NP_778243:p.A198V,Unperturbed-degree-1,45
Disease mutation,APTX,54840,54840_30204,NM_175073:c.683A>G,NP_778243:p.H228R,Perturbed-degree-1,46
Disease mutation,APTX,54840,54840_30209,NM_175073:c.788T>G,NP_778243:p.V263G,Perturbed-degree-1,47
Disease mutation,AQP1,358,358_2398,NM_198098:c.113C>T,NP_932766:p.P38L,Unperturbed-degree-1,48
Disease mutation,AQP1,358,358_2400,NM_198098:c.140A>G,NP_932766:p.Q47R,Unperturbed-degree-1,49
Disease mutation,AQP1,358,358_2401,NM_198098:c.576C>A,NP_932766:p.N192K,Unperturbed-degree-1,50
Disease mutation,AQP2,359,359_18674,NM_000486:c.190G>A,NP_000477:p.G64R,Perturbed-degree-1,51
Disease mutation,AQP2,359,359_18683,NM_000486:c.377C>T,NP_000477:p.T126M,Unperturbed-degree-1,52
Disease mutation,AQP2,359,359_18692,NM_000486:c.560G>A,NP_000477:p.R187H,Unperturbed-degree-1,53
Disease mutation,AQP2,359,359_18700,NM_000486:c.772G>A,NP_000477:p.E258K,Unperturbed-degree-1,54
Disease mutation,AQP4,361,361_21363,NM_001650:c.383T>C,NP_001641:p.I128T,Unperturbed-degree-1,55
Disease mutation,AQP4,361,361_21364,NM_001650:c.552T>A,NP_001641:p.D184E,Perturbed-degree-1,56
Disease mutation,AQP4,361,361_21366,NM_001650:c.671T>C,NP_001641:p.M224T,Unperturbed-degree-1,57
Disease mutation,AQP4,361,361_21367,NM_001650:c.833T>C,NP_001641:p.M278T,Unperturbed-degree-1,58
Disease mutation,ARSA,410,410_13120,NM_000487:c.602A>G,NP_000478:p.Y201C,Unperturbed-degree-1,59
Disease mutation,ARSA,410,410_13166,NM_000487:c.1049A>G,NP_000478:p.N350S,Unperturbed-degree-1,60
Disease mutation,ASPA,443,443_15684,NM_000049:c.71A>G,NP_000040:p.E24G,Gain-and-loss-of-interaction,61
Disease mutation,ASPA,443,443_15694,NM_000049:c.427A>T,NP_000040:p.I143F,Perturbed-degree-1,62
Disease mutation,ASPA,443,443_15707,NM_000049:c.584T>G,NP_000040:p.M195R,Gain-and-loss-of-interaction,63
Disease mutation,ASPA,443,443_15721,NM_000049:c.854A>C,NP_000040:p.E285A,Gain-and-loss-of-interaction,64
Disease mutation,ATPAF2,91647,91647_20861,NM_145691:c.280T>A,NP_663729:p.W94R,Quasi-null,65
Disease mutation,BCAM,4059,4059_19461,NM_005581:c.230G>A,NP_005572:p.R77H,Unperturbed-degree-1,66
Disease mutation,BCAM,4059,4059_19467,NM_005581:c.524G>A,NP_005572:p.R175Q,Unperturbed-degree-1,67
Disease mutation,BCAM,4059,4059_19474,NM_005581:c.1340C>T,NP_005572:p.S447L,Unperturbed-degree-1,68
Disease mutation,BCAM,4059,4059_19476,NM_005581:c.1615A>G,NP_005572:p.T539A,Unperturbed-degree-1,69
Disease mutation,BCL10,8915,8915_20120,NM_003921:c.13G>T,NP_003912:p.A5S,Unperturbed-degree-1,70
Disease mutation,BCL10,8915,8915_20121,NM_003921:c.24C>G,NP_003912:p.L8L,Unperturbed-degree-1,71
Disease mutation,BFSP2,8419,8419_27474,NM_003571:c.1016G>A,NP_003562:p.R339H,Quasi-wild-type,72
Non-disease variant,BFSP2,8419,8419_900226,NM_003571:c.1220C>A,NP_003562:p.A407D,Quasi-wild-type,73
Disease mutation,BLMH,642,642_12061,NM_000386:c.1327A>G,NP_000377:p.I443V,Unperturbed-degree-1,74
Disease mutation,BMI1,648,648_11477,NM_005180:c.53G>A,NP_005171:p.C18Y,Perturbed-degree-1,75
Disease mutation,BTC,685,685_11408,NM_001729:c.19T>G,NP_001720:p.C7G,Unperturbed-degree-1,76
Disease mutation,BTK,695,695_25787,NM_000061:c.1694C>T,NP_000052:p.P565L,Perturbed-degree-1,77
Disease mutation,C1S,716,716_20229,NM_201442:c.1889G>A,NP_958850:p.G630E,Gain-of-interaction,78
Disease mutation,C2,717,717_35064,NM_000063:c.392G>A,NP_000054:p.C131Y,Perturbed-degree-1,79
Disease mutation,C2,717,717_35065,NM_000063:c.626C>T,NP_000054:p.S209F,Unperturbed-degree-1,80
Disease mutation,C2,717,717_35066,NM_000063:c.954G>C,NP_000054:p.E318D,Unperturbed-degree-1,81
Non-disease variant,C2,717,717_900164,NM_000063:c.1922T>C,NP_000054:p.V641A,Unperturbed-degree-1,82
Disease mutation,CA1,759,759_15514,NM_001738:c.203A>G,NP_001729:p.H68R,Unperturbed-degree-1,83
Disease mutation,CA1,759,759_15515,NM_001738:c.740G>A,NP_001729:p.R247H,Unperturbed-degree-1,84
Disease mutation,CA8,767,767_23161,NM_004056:c.298T>C,NP_004047:p.S100P,Quasi-null,85
Disease mutation,CACNB4,785,785_36106,NM_000726:c.311G>T,NP_000717:p.C104F,Unperturbed-degree-1,86
Disease mutation,CACNB4,785,785_36107,NM_000726:c.1403G>A,NP_000717:p.R468Q,Unperturbed-degree-1,87
Disease mutation,CASP10,843,843_18887,NM_032977:c.1228G>A,NP_116759:p.V410I,Perturbed-degree-1,88
Disease mutation,CASP10,843,843_18889,NM_032977:c.1502C>T,NP_116759:p.P501L,Perturbed-degree-1,89
Disease mutation,CBR3,874,874_8001,NM_001236:c.730G>A,NP_001227:p.V244M,Perturbed-degree-1,90
Disease mutation,CD151,977,977_10914,NM_004357:c.511C>T,NP_004348:p.R171C,Perturbed-degree-1,91
Disease mutation,CD151,977,977_10915,NM_004357:c.533G>A,NP_004348:p.R178H,Unperturbed-degree-1,92
Disease mutation,CD207,50489,50489_21246,NM_015717:c.790T>C,NP_056532:p.W264R,Quasi-null,93
Disease mutation,CD207,50489,50489_21247,NM_015717:c.862A>G,NP_056532:p.N288D,Quasi-null,94
Disease mutation,CD207,50489,50489_21248,NM_015717:c.898G>C,NP_056532:p.A300P,Quasi-null,95
Non-disease variant,CD207,50489,50489_900152,NM_015717:c.164C>T,NP_056532:p.A55V,Quasi-wild-type,96
Non-disease variant,CD207,50489,50489_900155,NM_015717:c.341A>T,NP_056532:p.E114V,Quasi-wild-type,97
Non-disease variant,CD207,50489,50489_900162,NM_015717:c.197G>A,NP_056532:p.R66Q,Quasi-wild-type,98
Disease mutation,CD40,958,958_1622,NM_001250:c.679C>G,NP_001241:p.P227A,Unperturbed-degree-1,99
Disease mutation,CD79B,974,974_17961,NM_000626:c.409G>A,NP_000617:p.G137S,Perturbed-degree-1,100
Disease mutation,CDA,978,978_20221,NM_001785:c.208G>A,NP_001776:p.A70T,Unperturbed-degree-1,101
Disease mutation,CDC73,79577,79577_20642,NM_024529:c.191T>C,NP_078805:p.L64P,Quasi-null,102
Disease mutation,CDC73,79577,79577_20643,NM_024529:c.272G>C,NP_078805:p.R91P,Quasi-null,103
Disease mutation,CDK4,1019,1019_7693,NM_000075:c.70C>T,NP_000066:p.R24C,Edgetic,104
Disease mutation,CDK4,1019,1019_7694,NM_000075:c.71G>A,NP_000066:p.R24H,Edgetic,105
Disease mutation,CDK4,1019,1019_7695,NM_000075:c.122A>G,NP_000066:p.N41S,Quasi-wild-type,106
Disease mutation,CDK4,1019,1019_7696,NM_000075:c.155G>A,NP_000066:p.S52N,Quasi-wild-type,107
Disease mutation,CDKN1B,1027,1027_2934,NM_004064:c.356T>C,NP_004055:p.I119T,Gain-of-interaction,108
Disease mutation,CDKN2C,1031,1031_23767,NM_001262:c.91G>C,NP_001253:p.V31L,Edgetic,109
Disease mutation,CFHR5,81494,81494_25975,NM_030787:c.136C>T,NP_110414:p.P46S,Quasi-wild-type,110
Disease mutation,CFHR5,81494,81494_25977,NM_030787:c.432A>T,NP_110414:p.K144N,Quasi-wild-type,111
Disease mutation,CFHR5,81494,81494_25978,NM_030787:c.1067G>A,NP_110414:p.R356H,Quasi-wild-type,112
Disease mutation,CFHR5,81494,81494_25979,NM_030787:c.1541T>G,NP_110414:p.M514R,Quasi-wild-type,113
Non-disease variant,CFHR5,81494,81494_900225,NM_030787:c.434G>A,NP_110414:p.G145E,Quasi-wild-type,114
Non-disease variant,CFHR5,81494,81494_900230,NM_030787:c.576T>G,NP_110414:p.F192L,Quasi-wild-type,115
Disease mutation,CHN1,1123,1123_5299,NM_001025201:c.60A>T,NP_001020372:p.L20F,Unperturbed-degree-1,116
Disease mutation,CHN1,1123,1123_5302,NM_001025201:c.668C>T,NP_001020372:p.A223V,Unperturbed-degree-1,117
Disease mutation,CHN1,1123,1123_5303,NM_001025201:c.682G>A,NP_001020372:p.G228S,Unperturbed-degree-1,118
Disease mutation,CHN1,1123,1123_5304,NM_001025201:c.755C>A,NP_001020372:p.P252Q,Unperturbed-degree-1,119
Disease mutation,CHRNG,1146,1146_31615,NM_005199:c.256C>T,NP_005190:p.R86C,Quasi-null,120
Disease mutation,CHRNG,1146,1146_31616,NM_005199:c.320T>G,NP_005190:p.V107G,Quasi-null,121
Disease mutation,CHRNG,1146,1146_31617,NM_005199:c.715C>T,NP_005190:p.R239C,Quasi-null,122
Disease mutation,CLCN5,1184,1184_28630,NM_000084:c.2173A>G,NP_000075:p.K725E,Gain-of-interaction,123
Disease mutation,CLDN19,149461,149461_17523,NM_148960:c.59G>A,NP_683763:p.G20D,Quasi-null,124
Disease mutation,CLDN19,149461,149461_17525,NM_148960:c.269T>C,NP_683763:p.L90P,Edgetic,125
Non-disease variant,CLDN19,149461,149461_900213,NM_148960:c.599G>A,NP_683763:p.R200Q,Quasi-wild-type,126
Disease mutation,CRYAB,1410,1410_10181,NM_001885:c.58C>T,NP_001876:p.P20S,Unperturbed-degree-1,127
Disease mutation,CRYAB,1410,1410_10182,NM_001885:c.166C>T,NP_001876:p.R56W,Unperturbed-degree-1,128
Disease mutation,CRYAB,1410,1410_10183,NM_001885:c.358A>G,NP_001876:p.R120G,Unperturbed-degree-1,129
Disease mutation,CRYAB,1410,1410_10184,NM_001885:c.418G>A,NP_001876:p.D140N,Unperturbed-degree-1,130
Disease mutation,CRYBA4,1413,1413_22895,NM_001886:c.206T>C,NP_001877:p.L69P,Quasi-null,131
Disease mutation,CRYBA4,1413,1413_22896,NM_001886:c.281T>C,NP_001877:p.F94S,Quasi-null,132
Non-disease variant,CRYBA4,1413,1413_900166,NM_001886:c.106G>A,NP_001877:p.V36M,Quasi-null,133
Disease mutation,CRYBB1,1414,1414_18104,NM_001887:c.682T>C,NP_001878:p.S228P,Perturbed-degree-1,134
Disease mutation,CSF2,1437,1437_31715,NM_000758:c.350T>C,NP_000749:p.I117T,Unperturbed-degree-1,135
Disease mutation,CSNK1E,1454,1454_9046,NM_001894:c.1223G>A,NP_001885:p.S408N,Perturbed-degree-1,136
Disease mutation,CUL4B,8450,8450_3369,NM_003588:c.638C>T,NP_003579:p.T213I,Unperturbed-degree-1,137
Disease mutation,CUL4B,8450,8450_3372,NM_003588:c.2234T>C,NP_003579:p.V745A,Unperturbed-degree-1,138
Disease mutation,CYBRD1,79901,79901_20598,NM_024843:c.677G>A,NP_079119:p.R226H,Unperturbed-degree-1,139
Disease mutation,CYCS,54205,54205_10208,NM_018947:c.124G>A,NP_061820:p.G42S,Unperturbed-degree-1,140
Disease mutation,CYP1A1,1543,1543_15154,NM_000499:c.1382C>A,NP_000490:p.T461N,Unperturbed-degree-1,141
Disease mutation,CYP1A1,1543,1543_15155,NM_000499:c.1384A>G,NP_000490:p.I462V,Unperturbed-degree-1,142
Disease mutation,CYP4F2,8529,8529_34486,NM_001082:c.1297G>A,NP_001073:p.V433M,Perturbed-degree-1,143
Non-disease variant,CYP4F2,8529,8529_900157,NM_001082:c.1555C>A,NP_001073:p.L519M,Unperturbed-degree-1,144
Non-disease variant,CYP4F2,8529,8529_900159,NM_001082:c.554G>T,NP_001073:p.G185V,Unperturbed-degree-1,145
Disease mutation,DMC1,11144,11144_32386,NM_007068:c.598A>G,NP_008999:p.M200V,Quasi-null,146
Disease mutation,DPM1,8813,8813_10348,NM_003859:c.274C>G,NP_003850:p.R92G,Unperturbed-degree-1,147
Disease mutation,DPM1,8813,8813_10349,NM_003859:c.742T>C,NP_003850:p.S248P,Unperturbed-degree-1,148
Disease mutation,DUSP23,54935,54935_6468,NM_017823:c.391G>A,NP_060293:p.G131S,Unperturbed-degree-1,149
Disease mutation,EBP,10682,10682_3562,NM_006579:c.53T>C,NP_006570:p.L18P,Unperturbed-degree-1,150
Disease mutation,EBP,10682,10682_3573,NM_006579:c.238G>A,NP_006570:p.E80K,Unperturbed-degree-1,151
Disease mutation,EBP,10682,10682_3597,NM_006579:c.587G>C,NP_006570:p.W196S,Unperturbed-degree-1,152
Disease mutation,EFEMP1,2202,2202_12683,NM_004105:c.1033C>T,NP_004096:p.R345W,Quasi-wild-type,153
Disease mutation,EFHC1,114327,114327_14138,NM_018100:c.229C>A,NP_060570:p.P77T,Edgetic,154
Disease mutation,EFHC1,114327,114327_14141,NM_018100:c.662G>A,NP_060570:p.R221H,Quasi-null,155
Disease mutation,EFHC1,114327,114327_14147,NM_018100:c.1180G>T,NP_060570:p.A394S,Quasi-null,156
Disease mutation,EFHC1,114327,114327_14148,NM_018100:c.1523C>G,NP_060570:p.T508R,Edgetic,157
Non-disease variant,EFHC1,114327,114327_900199,NM_018100:c.475C>T,NP_060570:p.R159W,Quasi-wild-type,158
Non-disease variant,EFHC1,114327,114327_900201,NM_018100:c.1343T>C,NP_060570:p.M448T,Quasi-wild-type,159
Disease mutation,EIF2B4,8890,8890_6441,NM_015636:c.680C>T,NP_056451:p.A227V,Perturbed-degree-1,160
Disease mutation,EIF2B4,8890,8890_6448,NM_015636:c.1169C>A,NP_056451:p.A390D,Perturbed-degree-1,161
Non-disease variant,EIF2B4,8890,8890_900170,NM_001034116:c.916C>G,NP_001029288:p.R306G,Unperturbed-degree-1,162
Disease mutation,EMD,2010,2010_6159,NM_000117:c.161C>T,NP_000108:p.S54F,Quasi-wild-type,163
Disease mutation,EMD,2010,2010_6161,NM_000117:c.215A>T,NP_000108:p.D72V,Quasi-wild-type,164
Disease mutation,EMD,2010,2010_6171,NM_000117:c.547C>A,NP_000108:p.P183T,Quasi-wild-type,165
Disease mutation,EMD,2010,2010_6172,NM_000117:c.548C>A,NP_000108:p.P183H,Quasi-wild-type,166
Disease mutation,ERCC1,2067,2067_20204,NM_202001:c.693C>G,NP_973730:p.F231L,Unperturbed-degree-1,167
Disease mutation,ESR2,2100,2100_2792,NM_001437:c.865T>C,NP_001428:p.F289L,Gain-of-interaction,168
Disease mutation,FABP1,2168,2168_17637,NM_001443:c.280A>G,NP_001434:p.T94A,Unperturbed-degree-1,169
Disease mutation,FABP2,2169,2169_23116,NM_000134:c.163G>A,NP_000125:p.A55T,Perturbed-degree-1,170
Disease mutation,FBLN5,10516,10516_34740,NM_006329:c.178G>C,NP_006320:p.V60L,Quasi-null,171
Disease mutation,FBP1,2203,2203_4167,NM_000507:c.490G>A,NP_000498:p.G164S,Quasi-wild-type,172
Disease mutation,FBP1,2203,2203_4169,NM_000507:c.581T>C,NP_000498:p.F194S,Edgetic,173
Disease mutation,FBP1,2203,2203_4170,NM_000507:c.639C>G,NP_000498:p.N213K,Quasi-wild-type,174
Disease mutation,FBP1,2203,2203_4172,NM_000507:c.778G>A,NP_000498:p.G260R,Quasi-null,175
Non-disease variant,FBP1,2203,2203_900206,NM_000507:c.653G>A,NP_000498:p.R218K,Quasi-wild-type,176
Non-disease variant,FBP1,2203,2203_900209,NM_000507:c.697T>A,NP_000498:p.F233I,Quasi-wild-type,177
Disease mutation,FBXO7,25793,25793_9874,NM_012179:c.65C>T,NP_036311:p.T22M,Quasi-null,178
Disease mutation,FDFT1,2222,2222_6802,NM_004462:c.134A>G,NP_004453:p.K45R,Unperturbed-degree-1,179
Disease mutation,FKBP6,8468,8468_18108,NM_003602:c.216C>A,NP_003593:p.F72L,Edgetic,180
Non-disease variant,FKBP6,8468,8468_900211,NM_003602:c.605G>A,NP_003593:p.R202H,Quasi-wild-type,181
Disease mutation,FMO1,2326,2326_18965,NM_002021:c.291C>G,NP_002012:p.H97Q,Perturbed-degree-1,182
Disease mutation,FMO1,2326,2326_18966,NM_002021:c.907A>G,NP_002012:p.I303V,Unperturbed-degree-1,183
Disease mutation,FMO1,2326,2326_18967,NM_002021:c.908T>C,NP_002012:p.I303T,Perturbed-degree-1,184
Non-disease variant,FMO1,2326,2326_900168,NM_002021:c.1118A>G,NP_002012:p.K373R,Unperturbed-degree-1,185
Disease mutation,FMO3,2328,2328_17218,NM_006894:c.394G>C,NP_008825:p.D132H,Unperturbed-degree-1,186
Disease mutation,FMO3,2328,2328_17221,NM_006894:c.458C>T,NP_008825:p.P153L,Unperturbed-degree-1,187
Disease mutation,FMO3,2328,2328_17233,NM_006894:c.1079T>C,NP_008825:p.L360P,Unperturbed-degree-1,188
Disease mutation,FMO3,2328,2328_17243,NM_006894:c.1507G>A,NP_008825:p.G503R,Perturbed-degree-1,189
Non-disease variant,FMO3,2328,2328_900165,NM_006894:c.539G>T,NP_008825:p.G180V,Unperturbed-degree-1,190
Non-disease variant,FMO3,2328,2328_900169,NM_006894:c.830T>C,NP_008825:p.V277A,Unperturbed-degree-1,191
Disease mutation,FOXP3,50943,50943_27193,NM_014009:c.210G>T,NP_054728:p.Q70H,Quasi-null,192
Disease mutation,FOXP3,50943,50943_27195,NM_014009:c.560C>T,NP_054728:p.P187L,Quasi-wild-type,193
Disease mutation,FOXP3,50943,50943_27199,NM_014009:c.1087A>G,NP_054728:p.I363V,Quasi-null,194
Non-disease variant,FOXP3,50943,50943_900167,NM_014009:c.155G>T,NP_054728:p.G52V,Quasi-wild-type,195
Disease mutation,FTH1,2495,2495_18535,NM_002032:c.161A>G,NP_002023:p.K54R,Unperturbed-degree-1,196
Disease mutation,FTL,2512,2512_8431,NM_000146:c.286G>A,NP_000137:p.A96T,Quasi-null,197
Disease mutation,FTL,2512,2512_8432,NM_000146:c.398A>C,NP_000137:p.H133P,Quasi-null,198
Disease mutation,GALT,2592,2592_803,NM_000155:c.100T>A,NP_000146:p.Y34N,Unperturbed-degree-1,199
Disease mutation,GALT,2592,2592_866,NM_000155:c.524G>A,NP_000146:p.G175D,Unperturbed-degree-1,200
Disease mutation,GALT,2592,2592_919,NM_000155:c.815G>A,NP_000146:p.R272H,Unperturbed-degree-1,201
Disease mutation,GALT,2592,2592_938,NM_000155:c.957C>G,NP_000146:p.H319Q,Unperturbed-degree-1,202
Disease mutation,GATA1,2623,2623_11497,NM_002049:c.613G>A,NP_002040:p.V205M,Edgetic,203
Disease mutation,GATA1,2623,2623_11498,NM_002049:c.622G>A,NP_002040:p.G208R,Quasi-wild-type,204
Disease mutation,GATA1,2623,2623_11502,NM_002049:c.653A>G,NP_002040:p.D218G,Quasi-wild-type,205
Disease mutation,GCM2,9247,9247_23001,NM_004752:c.140G>T,NP_004743:p.R47L,Edgetic,206
Disease mutation,GCM2,9247,9247_23002,NM_004752:c.187G>A,NP_004743:p.G63S,Edgetic,207
Non-disease variant,GCM2,9247,9247_900204,NM_004752:c.607G>A,NP_004743:p.G203S,Quasi-wild-type,208
Disease mutation,GDI1,2664,2664_5019,NM_001493:c.275T>C,NP_001484:p.L92P,Unperturbed-degree-1,209
Disease mutation,GDI1,2664,2664_5020,NM_001493:c.1268G>C,NP_001484:p.R423P,Unperturbed-degree-1,210
Disease mutation,GDNF,2668,2668_22890,NM_000514:c.61C>T,NP_000505:p.P21S,Unperturbed-degree-1,211
Disease mutation,GDNF,2668,2668_22891,NM_000514:c.277C>T,NP_000505:p.R93W,Unperturbed-degree-1,212
Disease mutation,GDNF,2668,2668_22892,NM_000514:c.448G>A,NP_000505:p.D150N,Unperturbed-degree-1,213
Disease mutation,GDNF,2668,2668_22893,NM_000514:c.460A>T,NP_000505:p.T154S,Unperturbed-degree-1,214
Disease mutation,GFAP,2670,2670_5153,NM_002055:c.140C>T,NP_002046:p.P47L,Quasi-wild-type,215
Disease mutation,GFAP,2670,2670_5192,NM_002055:c.773G>C,NP_002046:p.R258P,Quasi-wild-type,216
Disease mutation,GFAP,2670,2670_5209,NM_002055:c.1121A>G,NP_002046:p.E374G,Quasi-wild-type,217
Non-disease variant,GFAP,2670,2670_900221,NM_002055:c.883G>A,NP_002046:p.D295N,Quasi-wild-type,218
Disease mutation,GJA1,2697,2697_2356,NM_000165:c.389T>C,NP_000156:p.I130T,Unperturbed-degree-1,219
Disease mutation,GJA1,2697,2697_2385,NM_000165:c.1055A>G,NP_000156:p.E352G,Unperturbed-degree-1,220
Disease mutation,GRN,2896,2896_3613,NM_002087:c.26C>A,NP_002078:p.A9D,Quasi-null,221
Disease mutation,GRN,2896,2896_3622,NM_002087:c.743C>T,NP_002078:p.P248L,Quasi-wild-type,222
Disease mutation,GRN,2896,2896_3634,NM_002087:c.1294C>T,NP_002078:p.R432C,Edgetic,223
Disease mutation,GRN,2896,2896_3635,NM_002087:c.1352C>T,NP_002078:p.P451L,Edgetic,224
Disease mutation,GSTA2,2939,2939_8562,NM_000846:c.328C>T,NP_000837:p.P110S,Unperturbed-degree-1,225
Disease mutation,GYPA,2993,2993_10274,NM_002099:c.148C>T,NP_002090:p.R50W,Edgetic,226
Non-disease variant,GYPA,2993,2993_900191,NM_002099:c.71A>G,NP_002090:p.E24G,Edgetic,227
Disease mutation,GYPB,2994,2994_32306,NM_002100:c.143C>T,NP_002091:p.T48M,Unperturbed-degree-1,228
Disease mutation,HNF4A,3172,3172_34706,NM_000457:c.306C>G,NP_000448:p.C102W,Quasi-null,229
Disease mutation,HPRT1,3251,3251_14820,NM_000194:c.580G>C,NP_000185:p.D194H,Perturbed-degree-1,230
Disease mutation,HSPD1,3329,3329_7062,NM_002156:c.86A>G,NP_002147:p.D29G,Edgetic,231
Disease mutation,HSPD1,3329,3329_7063,NM_002156:c.292G>A,NP_002147:p.V98I,Quasi-wild-type,232
Disease mutation,HSPD1,3329,3329_7064,NM_002156:c.1381C>G,NP_002147:p.Q461E,Quasi-wild-type,233
Disease mutation,HTR1B,3351,3351_30806,NM_000863:c.371T>G,NP_000854:p.F124C,Unperturbed-degree-1,234
Disease mutation,IGFBP5,3488,3488_5215,NM_000599:c.412C>T,NP_000590:p.R138W,Unperturbed-degree-1,235
Disease mutation,IL1A,3552,3552_5320,NM_000575:c.337T>G,NP_000566:p.S113A,Quasi-wild-type,236
Non-disease variant,IL1A,3552,3552_900218,NM_000575:c.340G>T,NP_000566:p.A114S,Quasi-wild-type,237
Disease mutation,INHA,3623,3623_9248,NM_002191:c.127C>G,NP_002182:p.P43A,Unperturbed-degree-1,238
Disease mutation,INHA,3623,3623_9251,NM_002191:c.545C>A,NP_002182:p.A182D,Unperturbed-degree-1,239
Disease mutation,INHA,3623,3623_9253,NM_002191:c.769G>A,NP_002182:p.A257T,Unperturbed-degree-1,240
Disease mutation,ISYNA1,51477,51477_12130,NM_016368:c.1029A>G,NP_057452:p.L343L,Unperturbed-degree-1,241
Disease mutation,ITGB2,3689,3689_8970,NM_000211:c.412T>C,NP_000202:p.S138P,Unperturbed-degree-1,242
Disease mutation,ITGB2,3689,3689_8979,NM_000211:c.817G>A,NP_000202:p.G273R,Unperturbed-degree-1,243
Disease mutation,ITGB2,3689,3689_8985,NM_000211:c.1768T>C,NP_000202:p.C590R,Unperturbed-degree-1,244
Disease mutation,IYD,389434,389434_22165,NM_203395:c.301C>T,NP_981932:p.R101W,Unperturbed-degree-1,245
Disease mutation,IYD,389434,389434_22166,NM_203395:c.347T>C,NP_981932:p.I116T,Unperturbed-degree-1,246
Disease mutation,IYD,389434,389434_22167,NM_203395:c.658G>A,NP_981932:p.A220T,Unperturbed-degree-1,247
Disease mutation,KHK,3795,3795_9154,NM_000221:c.118G>A,NP_000212:p.G40R,Unperturbed-degree-1,248
Disease mutation,KHK,3795,3795_9155,NM_000221:c.127G>A,NP_000212:p.A43T,Unperturbed-degree-1,249
Disease mutation,KRIT1,889,889_35268,NM_194456:c.410A>G,NP_919438:p.D137G,Quasi-wild-type,250
Disease mutation,KRT1,3848,3848_23287,NM_006121:c.482T>C,NP_006112:p.L161P,Gain-of-interaction,251
Disease mutation,KRT18,3875,3875_5674,NM_000224:c.307A>G,NP_000215:p.T103A,Quasi-null,252
Disease mutation,KRT18,3875,3875_5675,NM_000224:c.383A>T,NP_000215:p.H128L,Quasi-wild-type,253
Disease mutation,KRT18,3875,3875_5680,NM_000224:c.854A>G,NP_000215:p.Q285R,Edgetic,254
Disease mutation,KRT18,3875,3875_5683,NM_000224:c.1018G>A,NP_000215:p.G340R,Edgetic,255
Disease mutation,KRT2,3849,3849_30963,NM_000423:c.558C>A,NP_000414:p.N186K,Quasi-wild-type,256
Disease mutation,KRT2,3849,3849_30966,NM_000423:c.1430T>A,NP_000414:p.I477N,Edgetic,257
Disease mutation,KRT2,3849,3849_30968,NM_000423:c.1451T>C,NP_000414:p.L484P,Edgetic,258
Non-disease variant,KRT2,3849,3849_900198,NM_000423:c.656G>A,NP_000414:p.G219D,Quasi-wild-type,259
Non-disease variant,KRT6A,3853,3853_900193,NM_005554:c.62A>G,NP_005545:p.N21S,Quasi-wild-type,260
Non-disease variant,KRT6A,3853,3853_900195,NM_005554:c.745T>C,NP_005545:p.F249L,Quasi-wild-type,261
Non-disease variant,KRT6A,3853,3853_900196,NM_005554:c.1655C>G,NP_005545:p.T552S,Quasi-wild-type,262
Non-disease variant,KRT6A,3853,3853_900200,NM_005554:c.1567G>T,NP_005545:p.V523F,Quasi-wild-type,263
Disease mutation,KRT6A,3853,3853_9178,NM_005554:c.513C>A,NP_005545:p.N171K,Edgetic,264
Disease mutation,KRT6A,3853,3853_9179,NM_005554:c.520T>G,NP_005545:p.F174V,Quasi-wild-type,265
Disease mutation,KRT6A,3853,3853_9184,NM_005554:c.1385T>G,NP_005545:p.I462S,Edgetic,266
Disease mutation,KRT6A,3853,3853_9186,NM_005554:c.1387G>C,NP_005545:p.A463P,Edgetic,267
Disease mutation,LDHB,3945,3945_8915,NM_002300:c.515G>A,NP_002291:p.R172H,Unperturbed-degree-1,268
Disease mutation,LDHB,3945,3945_8918,NM_002300:c.973T>C,NP_002291:p.W325R,Perturbed-degree-1,269
Disease mutation,LDLRAP1,26119,26119_16945,NM_015627:c.712C>T,NP_056442:p.R238W,Quasi-wild-type,270
Disease mutation,LHFPL5,222662,222662_3286,NM_182548:c.380A>G,NP_872354:p.Y127C,Edgetic,271
Disease mutation,LHFPL5,222662,222662_3287,NM_182548:c.494C>T,NP_872354:p.T165M,Edgetic,272
Disease mutation,LIG4,3981,3981_2942,NM_002312:c.8C>T,NP_002303:p.A3V,Perturbed-degree-1,273
Disease mutation,LIG4,3981,3981_2943,NM_002312:c.26C>T,NP_002303:p.T9I,Unperturbed-degree-1,274
Non-disease variant,LIG4,3981,3981_900183,NM_002312:c.2569G>A,NP_002303:p.A857T,Unperturbed-degree-1,275
Disease mutation,LITAF,9516,9516_25125,NM_004862:c.332C>G,NP_004853:p.A111G,Quasi-null,276
Disease mutation,LITAF,9516,9516_25126,NM_004862:c.334G>A,NP_004853:p.G112S,Quasi-null,277
Non-disease variant,LITAF,9516,9516_900154,NM_004862:c.274A>G,NP_004853:p.I92V,Quasi-wild-type,278
Disease mutation,LMNA,4000,4000_7214,NM_005572:c.178C>G,NP_005563:p.R60G,Quasi-null,279
Disease mutation,LMNA,4000,4000_7240,NM_005572:c.485T>C,NP_005563:p.L162P,Edgetic,280
Disease mutation,LMNA,4000,4000_7292,NM_005572:c.1130G>T,NP_005563:p.R377L,Quasi-null,281
Disease mutation,LTA,4049,4049_3905,NM_000595:c.179C>A,NP_000586:p.T60N,Quasi-wild-type,282
Non-disease variant,LTA,4049,4049_900227,NM_000595:c.152A>C,NP_000586:p.H51P,Quasi-wild-type,283
Disease mutation,MCEE,84693,84693_21930,NM_032601:c.427C>T,NP_115990:p.R143C,Quasi-wild-type,284
Non-disease variant,MCEE,84693,84693_900217,NM_032601:c.227C>T,NP_115990:p.A76V,Quasi-wild-type,285
Non-disease variant,MCEE,84693,84693_900228,NM_032601:c.428G>A,NP_115990:p.R143H,Quasi-wild-type,286
Disease mutation,MGST2,4258,4258_20804,NM_002413:c.226C>A,NP_002404:p.Q76K,Unperturbed-degree-1,287
Disease mutation,MID1,4281,4281_20178,NM_000381:c.452C>T,NP_000372:p.P151L,Quasi-wild-type,288
Disease mutation,MID1,4281,4281_20182,NM_000381:c.796T>C,NP_000372:p.C266R,Quasi-wild-type,289
Disease mutation,MID1,4281,4281_20187,NM_000381:c.1108A>G,NP_000372:p.K370E,Quasi-wild-type,290
Disease mutation,MID1,4281,4281_20201,NM_000381:c.1877T>C,NP_000372:p.L626P,Quasi-wild-type,291
Disease mutation,MLH1,4292,4292_4400,NM_000249:c.131C>T,NP_000240:p.S44F,Quasi-null,292
Disease mutation,MLH1,4292,4292_4465,NM_000249:c.731G>A,NP_000240:p.G244D,Edgetic,293
Disease mutation,MLH1,4292,4292_4520,NM_000249:c.1415G>T,NP_000240:p.R472I,Quasi-wild-type,294
Disease mutation,MLH1,4292,4292_4554,NM_000249:c.1757C>A,NP_000240:p.A586D,Quasi-null,295
Disease mutation,MMAB,326625,326625_30072,NM_052845:c.287T>C,NP_443077:p.I96T,Unperturbed-degree-1,296
Disease mutation,MMAB,326625,326625_30073,NM_052845:c.403G>A,NP_443077:p.A135T,Unperturbed-degree-1,297
Disease mutation,MMAB,326625,326625_30078,NM_052845:c.557G>A,NP_443077:p.R186Q,Unperturbed-degree-1,298
Disease mutation,MMAB,326625,326625_30079,NM_052845:c.568C>T,NP_443077:p.R190C,Unperturbed-degree-1,299
Disease mutation,MPG,4350,4350_14045,NM_002434:c.178C>T,NP_002425:p.R60C,Unperturbed-degree-1,300
Disease mutation,MTMR14,64419,64419_18112,NM_022485:c.1007G>A,NP_071930:p.R336Q,Unperturbed-degree-1,301
Disease mutation,MYD88,4615,4615_277,NM_002468:c.586C>T,NP_002459:p.R196C,Edgetic,302
Disease mutation,MYOZ2,51778,51778_10277,NM_016599:c.142T>C,NP_057683:p.S48P,Quasi-wild-type,303
Disease mutation,MYOZ2,51778,51778_10278,NM_016599:c.738A>G,NP_057683:p.I246M,Quasi-wild-type,304
Non-disease variant,MYOZ2,51778,51778_900235,NM_016599:c.29A>C,NP_057683:p.Q10P,Quasi-wild-type,305
Disease mutation,NCF2,4688,4688_6805,NM_000433:c.230G>A,NP_000424:p.R77Q,Quasi-null,306
Disease mutation,NCF2,4688,4688_6806,NM_000433:c.233G>A,NP_000424:p.G78E,Quasi-null,307
Disease mutation,NCF2,4688,4688_6811,NM_000433:c.1183C>T,NP_000424:p.R395W,Quasi-wild-type,308
Disease mutation,NCF2,4688,4688_6812,NM_000433:c.1256A>T,NP_000424:p.N419I,Quasi-wild-type,309
Disease mutation,NDUFAF4,29078,29078_19269,NM_014165:c.194T>C,NP_054884:p.L65P,Unperturbed-degree-1,310
Disease mutation,NEU1,4758,4758_6227,NM_000434:c.272T>G,NP_000425:p.L91R,Unperturbed-degree-1,311
Disease mutation,NEU1,4758,4758_6229,NM_000434:c.407G>A,NP_000425:p.G136E,Unperturbed-degree-1,312
Disease mutation,NEU1,4758,4758_6235,NM_000434:c.692T>A,NP_000425:p.L231H,Unperturbed-degree-1,313
Disease mutation,NEU1,4758,4758_6248,NM_000434:c.1021C>G,NP_000425:p.R341G,Unperturbed-degree-1,314
Disease mutation,NEU2,4759,4759_30805,NM_005383:c.122G>A,NP_005374:p.R41Q,Unperturbed-degree-1,315
Disease mutation,NEUROG3,50674,50674_27915,NM_020999:c.499G>A,NP_066279:p.G167R,Perturbed-degree-1,316
Disease mutation,NEUROG3,50674,50674_27916,NM_020999:c.596T>C,NP_066279:p.F199S,Perturbed-degree-1,317
Disease mutation,NMB,4828,4828_8596,NM_205858:c.360G>A,NP_995580:p.M120I,Unperturbed-degree-1,318
Disease mutation,NME1,4830,4830_5359,NM_000269:c.358A>G,NP_000260:p.S120G,Perturbed-degree-1,319
Disease mutation,NOP10,55505,55505_12478,NM_018648:c.100C>T,NP_061118:p.R34W,Unperturbed-degree-1,320
Disease mutation,NR0B1,190,190_12804,NM_000475:c.315G>C,NP_000466:p.W105C,Unperturbed-degree-1,321
Disease mutation,NR1H3,10062,10062_9168,NM_005693:c.297C>T,NP_005684:p.S99S,Unperturbed-degree-1,322
Disease mutation,NT5C3A,51251,51251_23456,NM_016489:c.220T>C,NP_057573:p.C74R,Unperturbed-degree-1,323
Disease mutation,NT5C3A,51251,51251_23457,NM_016489:c.293A>T,NP_057573:p.D98V,Unperturbed-degree-1,324
Disease mutation,NT5C3A,51251,51251_23459,NM_016489:c.502G>C,NP_057573:p.G168R,Perturbed-degree-1,325
Disease mutation,NT5C3A,51251,51251_23463,NM_016489:c.721G>C,NP_057573:p.G241R,Unperturbed-degree-1,326
Non-disease variant,NT5C3A,51251,51251_900163,NM_001002010:c.106T>C,NP_001002010:p.F36L,Unperturbed-degree-1,327
Disease mutation,OAS1,4938,4938_30088,NM_016816:c.484A>G,NP_058132:p.S162G,Quasi-wild-type,328
Non-disease variant,OAS1,4938,4938_900232,NM_016816:c.725G>A,NP_058132:p.R242Q,Quasi-wild-type,329
Disease mutation,OLFM2,93145,93145_5217,NM_058164:c.431G>A,NP_477512:p.R144Q,Unperturbed-degree-1,330
Disease mutation,OLFM2,93145,93145_5218,NM_058164:c.678G>A,NP_477512:p.A226A,Unperturbed-degree-1,331
Disease mutation,OPTN,10133,10133_11117,NM_021980:c.148G>A,NP_068815:p.E50K,Edgetic,332
Disease mutation,OPTN,10133,10133_11120,NM_021980:c.605C>G,NP_068815:p.T202R,Quasi-wild-type,333
Disease mutation,OPTN,10133,10133_11121,NM_021980:c.1007C>G,NP_068815:p.A336G,Quasi-wild-type,334
Disease mutation,OPTN,10133,10133_11123,NM_021980:c.1304A>G,NP_068815:p.K435R,Quasi-wild-type,335
Disease mutation,PAX4,5078,5078_25878,NM_006193:c.361C>T,NP_006184:p.R121W,Unperturbed-degree-1,336
Disease mutation,PAX4,5078,5078_25879,NM_006193:c.397C>T,NP_006184:p.R133W,Unperturbed-degree-1,337
Disease mutation,PAX4,5078,5078_25880,NM_006193:c.490C>T,NP_006184:p.R164W,Unperturbed-degree-1,338
Disease mutation,PGBD1,84547,84547_32878,NM_032507:c.731G>A,NP_115896:p.G244E,Quasi-wild-type,339
Non-disease variant,PGBD1,84547,84547_900214,NM_032507:c.2032A>G,NP_115896:p.I678V,Quasi-wild-type,340
Non-disease variant,PGBD1,84547,84547_900215,NM_032507:c.2416C>G,NP_115896:p.H806D,Quasi-wild-type,341
Non-disease variant,PGBD1,84547,84547_900216,NM_032507:c.742C>G,NP_115896:p.Q248E,Quasi-wild-type,342
Non-disease variant,PGBD1,84547,84547_900222,NM_032507:c.767C>T,NP_115896:p.P256L,Quasi-wild-type,343
Disease mutation,PHYH,5264,5264_3351,NM_006214:c.85C>T,NP_006205:p.P29S,Unperturbed-degree-1,344
Disease mutation,PHYH,5264,5264_3352,NM_006214:c.247A>T,NP_006205:p.N83Y,Perturbed-degree-1,345
Disease mutation,PHYH,5264,5264_3359,NM_006214:c.595A>T,NP_006205:p.I199F,Perturbed-degree-1,346
Disease mutation,PHYH,5264,5264_3364,NM_006214:c.805A>C,NP_006205:p.N269H,Unperturbed-degree-1,347
Disease mutation,PITX1,5307,5307_11066,NM_002653:c.388G>A,NP_002644:p.E130K,Gain-of-interaction,348
Non-disease variant,PITX1,5307,5307_900172,NM_002653:c.896G>C,NP_002644:p.G299A,Quasi-wild-type,349
Disease mutation,PKP2,5318,5318_28252,NM_004572:c.419C>T,NP_004563:p.S140F,Quasi-null,350
Disease mutation,PKP2,5318,5318_28266,NM_004572:c.2062T>C,NP_004563:p.S688P,Quasi-null,351
Non-disease variant,PKP2,5318,5318_900171,NM_004572:c.791C>T,NP_004563:p.A264V,Quasi-wild-type,352
Disease mutation,PLN,5350,5350_10285,NM_002667:c.25C>T,NP_002658:p.R9C,Quasi-wild-type,353
Disease mutation,PLOD3,8985,8985_12131,NM_001084:c.668A>G,NP_001075:p.N223S,Quasi-wild-type,354
Disease mutation,PLP1,5354,5354_7788,NM_000533:c.44C>T,NP_000524:p.P15L,Edgetic,355
Disease mutation,PLP1,5354,5354_7807,NM_000533:c.260T>C,NP_000524:p.L87P,Edgetic,356
Disease mutation,PLP1,5354,5354_7812,NM_000533:c.488G>T,NP_000524:p.W163L,Edgetic,357
Disease mutation,PLP1,5354,5354_7860,NM_000533:c.743C>A,NP_000524:p.A248E,Edgetic,358
Disease mutation,PLTP,5360,5360_9310,NM_006227:c.703C>T,NP_006218:p.R235W,Unperturbed-degree-1,359
Disease mutation,PLTP,5360,5360_9311,NM_006227:c.1427G>A,NP_006218:p.R476Q,Unperturbed-degree-1,360
Disease mutation,PMP22,5376,5376_13272,NM_000304:c.469C>G,NP_000295:p.R157G,Quasi-null,361
Disease mutation,PNKD,25953,25953_2858,NM_015488:c.20C>T,NP_056303:p.A7V,Perturbed-degree-1,362
Disease mutation,PNKD,25953,25953_2859,NM_015488:c.26C>T,NP_056303:p.A9V,Unperturbed-degree-1,363
Disease mutation,PNPO,55163,55163_8609,NM_018129:c.283C>T,NP_060599:p.R95C,Quasi-null,364
Disease mutation,PNPO,55163,55163_8610,NM_018129:c.284G>A,NP_060599:p.R95H,Quasi-null,365
Disease mutation,PNPO,55163,55163_8612,NM_018129:c.685C>T,NP_060599:p.R229W,Quasi-null,366
Non-disease variant,PNPO,55163,55163_900160,NM_018129:c.347G>A,NP_060599:p.R116Q,Quasi-wild-type,367
Disease mutation,POLB,5423,5423_31390,NM_002690:c.410G>A,NP_002681:p.R137Q,Unperturbed-degree-1,368
Disease mutation,PRKRA,8575,8575_10869,NM_003690:c.665C>T,NP_003681:p.P222L,Unperturbed-degree-1,369
Disease mutation,PRPF3,9129,9129_5696,NM_004698:c.1466C>A,NP_004689:p.A489D,Edgetic,370
Disease mutation,PRPF3,9129,9129_5697,NM_004698:c.1477C>T,NP_004689:p.P493S,Edgetic,371
Disease mutation,PRPF3,9129,9129_5698,NM_004698:c.1481C>T,NP_004689:p.T494M,Edgetic,372
Disease mutation,PRPF31,26121,26121_27858,NM_015629:c.319C>G,NP_056444:p.L107V,Quasi-wild-type,373
Disease mutation,PRPS1,5631,5631_6814,NM_002764:c.154G>C,NP_002755:p.D52H,Quasi-wild-type,374
Disease mutation,PRPS1,5631,5631_6815,NM_002764:c.341A>G,NP_002755:p.N114S,Quasi-wild-type,375
Disease mutation,PRPS1,5631,5631_6820,NM_002764:c.547G>C,NP_002755:p.D183H,Quasi-wild-type,376
Disease mutation,PTCH1,5727,5727_23211,NM_000264:c.317T>G,NP_000255:p.L106R,Perturbed-degree-1,377
Disease mutation,PTCH1,5727,5727_23212,NM_000264:c.328G>C,NP_000255:p.G110R,Perturbed-degree-1,378
Disease mutation,PTCH1,5727,5727_23219,NM_000264:c.688A>C,NP_000255:p.T230P,Perturbed-degree-1,379
Disease mutation,PTS,5805,5805_2488,NM_000317:c.46C>T,NP_000308:p.R16C,Unperturbed-degree-1,380
Disease mutation,PTS,5805,5805_2495,NM_000317:c.120T>G,NP_000308:p.F40L,Unperturbed-degree-1,381
Disease mutation,PTS,5805,5805_2505,NM_000317:c.272A>G,NP_000308:p.K91R,Unperturbed-degree-1,382
Disease mutation,PTS,5805,5805_2520,NM_000317:c.379C>T,NP_000308:p.L127F,Perturbed-degree-1,383
Disease mutation,PYGL,5836,5836_30086,NM_002863:c.1016A>G,NP_002854:p.N339S,Unperturbed-degree-1,384
Disease mutation,PYGL,5836,5836_30087,NM_002863:c.1131C>G,NP_002854:p.N377K,Unperturbed-degree-1,385
Disease mutation,RAD51D,5892,5892_12776,NM_002878:c.698A>G,NP_002869:p.E233G,Edgetic,386
Non-disease variant,RAD51D,5892,5892_900197,NM_002878:c.494G>A,NP_002869:p.R165Q,Quasi-wild-type,387
Disease mutation,RDH12,145226,145226_15158,NM_152443:c.146C>T,NP_689656:p.T49M,Unperturbed-degree-1,388
Disease mutation,RDH12,145226,145226_15163,NM_152443:c.295C>A,NP_689656:p.L99I,Unperturbed-degree-1,389
Disease mutation,RDH12,145226,145226_15177,NM_152443:c.688C>G,NP_689656:p.P230A,Unperturbed-degree-1,390
Disease mutation,RDH12,145226,145226_15181,NM_152443:c.854G>A,NP_689656:p.C285Y,Unperturbed-degree-1,391
Disease mutation,RET,5979,5979_8251,NM_020975:c.341G>A,NP_066124:p.R114H,Unperturbed-degree-1,392
Disease mutation,RGS2,5997,5997_10050,NM_002923:c.5A>G,NP_002914:p.Q2R,Unperturbed-degree-1,393
Disease mutation,RGS2,5997,5997_10051,NM_002923:c.5A>T,NP_002914:p.Q2L,Unperturbed-degree-1,394
Disease mutation,RGS2,5997,5997_10053,NM_002923:c.131G>A,NP_002914:p.R44H,Unperturbed-degree-1,395
Disease mutation,RPGR,6103,6103_17161,NM_000328:c.294C>A,NP_000319:p.H98Q,Perturbed-degree-1,396
Disease mutation,RPGR,6103,6103_17181,NM_000328:c.764C>T,NP_000319:p.T255I,Perturbed-degree-1,397
Disease mutation,RPGR,6103,6103_17202,NM_000328:c.1307G>A,NP_000319:p.G436D,Unperturbed-degree-1,398
Non-disease variant,RPGR,6103,6103_900179,NM_000328:c.1274G>A,NP_000319:p.R425K,Unperturbed-degree-1,399
Non-disease variant,RPGR,6103,6103_900187,NM_000328:c.552G>T,NP_000319:p.Q184H,Unperturbed-degree-1,400
Disease mutation,RRM2B,50484,50484_27904,NM_015713:c.190T>C,NP_056528:p.W64R,Perturbed-degree-1,401
Disease mutation,RRM2B,50484,50484_27909,NM_015713:c.707G>T,NP_056528:p.C236F,Unperturbed-degree-1,402
Disease mutation,RXRG,6258,6258_12775,NM_006917:c.40G>A,NP_008848:p.G14S,Quasi-wild-type,403
Disease mutation,SDC3,9672,9672_11465,NM_014654:c.622G>A,NP_055469:p.V208I,Edgetic,404
Non-disease variant,SDC3,9672,9672_900194,NM_014654:c.907G>A,NP_055469:p.D303N,Quasi-wild-type,405
Disease mutation,SELPLG,6404,6404_15677,NM_003006:c.186G>A,NP_002997:p.M62I,Unperturbed-degree-1,406
Disease mutation,SERPINF1,5176,5176_8807,NM_002615:c.215C>T,NP_002606:p.T72M,Unperturbed-degree-1,407
Disease mutation,SERPING1,710,710_1218,NM_000062:c.1396C>T,NP_000053:p.R466C,Gain-of-interaction,408
Disease mutation,SFTPC,6440,6440_10350,NM_003018:c.89C>T,NP_003009:p.P30L,Quasi-wild-type,409
Disease mutation,SFTPC,6440,6440_10351,NM_003018:c.191A>C,NP_003009:p.H64P,Edgetic,410
Disease mutation,SFTPC,6440,6440_10355,NM_003018:c.310T>C,NP_003009:p.Y104H,Edgetic,411
Disease mutation,SFTPC,6440,6440_10367,NM_003018:c.565T>G,NP_003009:p.C189G,Edgetic,412
Disease mutation,SGCA,6442,6442_15454,NM_000023:c.293G>A,NP_000014:p.R98H,Unperturbed-degree-1,413
Disease mutation,SGCA,6442,6442_15475,NM_000023:c.623C>T,NP_000014:p.T208I,Unperturbed-degree-1,414
Disease mutation,SGCA,6442,6442_15485,NM_000023:c.935T>G,NP_000014:p.M312R,Unperturbed-degree-1,415
Disease mutation,SH2D1A,4068,4068_21307,NM_002351:c.95G>C,NP_002342:p.R32T,Quasi-wild-type,416
Disease mutation,SH2D1A,4068,4068_21325,NM_002351:c.278G>A,NP_002342:p.G93D,Quasi-wild-type,417
Disease mutation,SH2D1A,4068,4068_21328,NM_002351:c.302C>T,NP_002342:p.P101L,Quasi-wild-type,418
Disease mutation,SIX1,6495,6495_9981,NM_005982:c.328C>T,NP_005973:p.R110W,Unperturbed-degree-1,419
Disease mutation,SIX1,6495,6495_9983,NM_005982:c.334C>T,NP_005973:p.R112C,Unperturbed-degree-1,420
Disease mutation,SIX1,6495,6495_9986,NM_005982:c.679G>T,NP_005973:p.D227Y,Unperturbed-degree-1,421
Disease mutation,SLC29A3,55315,55315_32044,NM_018344:c.347T>G,NP_060814:p.M116R,Perturbed-degree-1,422
Disease mutation,SLC29A3,55315,55315_32045,NM_018344:c.1279G>A,NP_060814:p.G427S,Perturbed-degree-1,423
Disease mutation,SLC29A3,55315,55315_32046,NM_018344:c.1309G>A,NP_060814:p.G437R,Unperturbed-degree-1,424
Disease mutation,SLC29A3,55315,55315_32048,NM_018344:c.1346C>G,NP_060814:p.T449R,Unperturbed-degree-1,425
Disease mutation,SLC2A1,6513,6513_33144,NM_006516:c.635G>A,NP_006507:p.R212H,Gain-of-interaction,426
Disease mutation,SLC2A1,6513,6513_33151,NM_006516:c.950A>C,NP_006507:p.N317T,Gain-of-interaction,427
Disease mutation,SLC2A4,6517,6517_23122,NM_001042:c.1147G>A,NP_001033:p.V383I,Unperturbed-degree-1,428
Disease mutation,SLC2A4,6517,6517_23123,NM_001042:c.1154T>C,NP_001033:p.I385T,Unperturbed-degree-1,429
Disease mutation,SLC30A2,7780,7780_9170,NM_001004434:c.161A>G,NP_001004434:p.H54R,Quasi-wild-type,430
Disease mutation,SLC30A8,169026,169026_28446,NM_173851:c.973C>T,NP_776250:p.R325W,Perturbed-degree-1,431
Non-disease variant,SLC30A8,169026,169026_900180,NM_001172813:c.827G>A,NP_001166284:p.R276Q,Unperturbed-degree-1,432
Disease mutation,SLC5A11,115584,115584_18524,NM_052944:c.545T>C,NP_443176:p.V182A,Unperturbed-degree-1,433
Disease mutation,SLC7A9,11136,11136_21103,NM_014270:c.313G>A,NP_055085:p.G105R,Unperturbed-degree-1,434
Disease mutation,SLC7A9,11136,11136_21118,NM_014270:c.679A>G,NP_055085:p.N227D,Unperturbed-degree-1,435
Disease mutation,SLC7A9,11136,11136_21130,NM_014270:c.988G>A,NP_055085:p.V330M,Unperturbed-degree-1,436
Disease mutation,SLC7A9,11136,11136_21138,NM_014270:c.1201A>G,NP_055085:p.K401E,Perturbed-degree-1,437
Disease mutation,SMAD3,4088,4088_20082,NM_005902:c.590A>T,NP_005893:p.N197I,Quasi-wild-type,438
Non-disease variant,SMAD3,4088,4088_900229,NM_005902:c.508A>G,NP_005893:p.I170V,Quasi-wild-type,439
Disease mutation,SMARCA2,6595,6595_20556,NM_003070:c.4638C>G,NP_003061:p.D1546E,Quasi-wild-type,440
Disease mutation,SPP1,6696,6696_13424,NM_001040058:c.282T>C,NP_001035147:p.D94D,Unperturbed-degree-1,441
Disease mutation,SQSTM1,8878,8878_6459,NM_003900:c.1142C>T,NP_003891:p.A381V,Unperturbed-degree-1,442
Disease mutation,SQSTM1,8878,8878_6460,NM_003900:c.1160C>T,NP_003891:p.P387L,Unperturbed-degree-1,443
Disease mutation,SQSTM1,8878,8878_6461,NM_003900:c.1175C>T,NP_003891:p.P392L,Unperturbed-degree-1,444
Disease mutation,SQSTM1,8878,8878_6462,NM_003900:c.1195T>C,NP_003891:p.S399P,Perturbed-degree-1,445
Disease mutation,STAR,6770,6770_1248,NM_000349:c.431T>G,NP_000340:p.M144R,Perturbed-degree-1,446
Disease mutation,STAR,6770,6770_1250,NM_000349:c.505G>A,NP_000340:p.E169K,Perturbed-degree-1,447
Disease mutation,STAR,6770,6770_1260,NM_000349:c.653C>T,NP_000340:p.A218V,Perturbed-degree-1,448
Disease mutation,STAR,6770,6770_1261,NM_000349:c.674T>C,NP_000340:p.M225T,Unperturbed-degree-1,449
Disease mutation,STXBP1,6812,6812_13916,NM_003165:c.251T>A,NP_003156:p.V84D,Quasi-null,450
Disease mutation,STXBP1,6812,6812_13918,NM_003165:c.1328T>G,NP_003156:p.M443R,Quasi-null,451
Disease mutation,STXBP1,6812,6812_13919,NM_003165:c.1631G>A,NP_003156:p.G544D,Quasi-null,452
Disease mutation,SULT2B1,6820,6820_4089,NM_177973:c.571G>A,NP_814444:p.D191N,Quasi-wild-type,453
Disease mutation,SULT2B1,6820,6820_4090,NM_177973:c.689G>A,NP_814444:p.R230H,Quasi-wild-type,454
Disease mutation,SUOX,6821,6821_35087,NM_000456:c.1187A>G,NP_000447:p.Q396R,Unperturbed-degree-1,455
Disease mutation,SUOX,6821,6821_35090,NM_000456:c.1348T>C,NP_000447:p.W450R,Perturbed-degree-1,456
Disease mutation,SYNGR1,9145,9145_6423,NM_004711:c.295A>G,NP_004702:p.K99E,Edgetic,457
Disease mutation,TAT,6898,6898_28861,NM_000353:c.355C>T,NP_000344:p.R119W,Quasi-wild-type,458
Disease mutation,TAT,6898,6898_28864,NM_000353:c.658C>T,NP_000344:p.P220S,Edgetic,459
Disease mutation,TAT,6898,6898_28866,NM_000353:c.818T>C,NP_000344:p.L273P,Quasi-null,460
Disease mutation,TAT,6898,6898_28869,NM_000353:c.1297C>T,NP_000344:p.R433W,Quasi-null,461
Disease mutation,TFAP2A,7020,7020_4070,NM_003220:c.760C>T,NP_003211:p.R254W,Unperturbed-degree-1,462
Disease mutation,TFAP2A,7020,7020_4071,NM_003220:c.763A>G,NP_003211:p.R255G,Unperturbed-degree-1,463
Disease mutation,TFAP2A,7020,7020_4072,NM_003220:c.785G>A,NP_003211:p.G262E,Unperturbed-degree-1,464
Disease mutation,TGIF1,7050,7050_2914,NM_173208:c.83C>G,NP_775300:p.S28C,Quasi-wild-type,465
Disease mutation,TGIF1,7050,7050_2918,NM_173208:c.188C>G,NP_775300:p.P63R,Quasi-wild-type,466
Disease mutation,TGIF1,7050,7050_2919,NM_173208:c.268C>T,NP_775300:p.R90C,Quasi-null,467
Disease mutation,TGIF1,7050,7050_2923,NM_173208:c.485C>T,NP_775300:p.S162F,Quasi-wild-type,468
Non-disease variant,TGIF1,7050,7050_900150,NM_173208:c.488C>T,NP_775300:p.P163L,Quasi-wild-type,469
Non-disease variant,TGIF1,7050,7050_900158,NM_173208:c.487C>T,NP_775300:p.P163S,Quasi-wild-type,470
Disease mutation,THAP1,55145,55145_2857,NM_018105:c.241T>C,NP_060575:p.F81L,Quasi-wild-type,471
Disease mutation,TIMM44,10469,10469_17555,NM_006351:c.1272G>A,NP_006342:p.A424A,Unperturbed-degree-1,472
Disease mutation,TIMM8A,1678,1678_10237,NM_004085:c.198C>G,NP_004076:p.C66W,Perturbed-degree-1,473
Non-disease variant,TINF2,26277,26277_900184,NM_001099274:c.710G>A,NP_001092744:p.G237D,Unperturbed-degree-1,474
Disease mutation,TINF2,26277,26277_9339,NM_001099274:c.706C>T,NP_001092744:p.P236S,Perturbed-degree-1,475
Disease mutation,TINF2,26277,26277_9340,NM_001099274:c.734C>A,NP_001092744:p.S245Y,Unperturbed-degree-1,476
Disease mutation,TINF2,26277,26277_9343,NM_001099274:c.841G>A,NP_001092744:p.E281K,Unperturbed-degree-1,477
Disease mutation,TMEM43,79188,79188_6046,NM_024334:c.1073C>T,NP_077310:p.S358L,Unperturbed-degree-1,478
Disease mutation,TNFRSF13B,23495,23495_25940,NM_012452:c.310T>C,NP_036584:p.C104R,Unperturbed-degree-1,479
Disease mutation,TNFRSF13B,23495,23495_25943,NM_012452:c.445G>A,NP_036584:p.A149T,Unperturbed-degree-1,480
Disease mutation,TNFRSF13B,23495,23495_25946,NM_012452:c.512T>G,NP_036584:p.L171R,Perturbed-degree-1,481
Disease mutation,TNFRSF13B,23495,23495_25951,NM_012452:c.736G>T,NP_036584:p.V246F,Unperturbed-degree-1,482
Non-disease variant,TNFRSF13B,23495,23495_900178,NM_012452:c.752C>T,NP_036584:p.P251L,Unperturbed-degree-1,483
Non-disease variant,TNFRSF13B,23495,23495_900189,NM_012452:c.563A>T,NP_036584:p.K188M,Unperturbed-degree-1,484
Non-disease variant,TNFRSF13B,23495,23495_900190,NM_012452:c.659T>C,NP_036584:p.V220A,Unperturbed-degree-1,485
Disease mutation,TNNI3,7137,7137_30770,NM_000363:c.5C>T,NP_000354:p.A2V,Unperturbed-degree-1,486
Disease mutation,TNNI3,7137,7137_30772,NM_000363:c.244C>T,NP_000354:p.P82S,Unperturbed-degree-1,487
Disease mutation,TNNI3,7137,7137_30779,NM_000363:c.434G>A,NP_000354:p.R145Q,Unperturbed-degree-1,488
Disease mutation,TNNI3,7137,7137_30798,NM_000363:c.607G>C,NP_000354:p.G203R,Unperturbed-degree-1,489
Disease mutation,TOR1A,1861,1861_5671,NM_000113:c.646G>C,NP_000104:p.D216H,Unperturbed-degree-1,490
Disease mutation,TOR1A,1861,1861_5672,NM_000113:c.863G>A,NP_000104:p.R288Q,Unperturbed-degree-1,491
Disease mutation,TPM1,7168,7168_8945,NM_001018005:c.118G>A,NP_001018005:p.E40K,Edgetic,492
Disease mutation,TPM1,7168,7168_8950,NM_001018005:c.284T>C,NP_001018005:p.V95A,Edgetic,493
Disease mutation,TPM1,7168,7168_8952,NM_001018005:c.523G>A,NP_001018005:p.D175N,Quasi-wild-type,494
Disease mutation,TPM3,7170,7170_10339,NM_152263:c.26T>G,NP_689476:p.M9R,Quasi-wild-type,495
Disease mutation,TPM3,7170,7170_10341,NM_152263:c.298C>A,NP_689476:p.L100M,Edgetic,496
Disease mutation,TPM3,7170,7170_10342,NM_152263:c.502C>G,NP_689476:p.R168G,Edgetic,497
Disease mutation,TPM3,7170,7170_10346,NM_152263:c.733A>G,NP_689476:p.R245G,Edgetic,498
Disease mutation,TREX1,11277,11277_20846,NM_033629:c.341G>A,NP_338599:p.R114H,Unperturbed-degree-1,499
Disease mutation,TREX1,11277,11277_20848,NM_033629:c.473C>T,NP_338599:p.A158V,Unperturbed-degree-1,500
Disease mutation,TREX1,11277,11277_20857,NM_033629:c.917G>C,NP_338599:p.G306A,Unperturbed-degree-1,501
Disease mutation,TRIB3,57761,57761_10895,NM_021158:c.251A>G,NP_066981:p.Q84R,Quasi-wild-type,502
Disease mutation,TRIM32,22954,22954_7115,NM_012210:c.388C>T,NP_036342:p.P130S,Quasi-wild-type,503
Disease mutation,TRIM32,22954,22954_7116,NM_012210:c.1181G>A,NP_036342:p.R394H,Edgetic,504
Disease mutation,TRIM32,22954,22954_7117,NM_012210:c.1459G>A,NP_036342:p.D487N,Quasi-null,505
Disease mutation,TSFM,10102,10102_34394,NM_005726:c.997C>T,NP_005717:p.R333W,Quasi-null,506
Disease mutation,TUFM,7284,7284_6726,NM_003321:c.1016G>A,NP_003312:p.R339Q,Quasi-wild-type,507
Non-disease variant,TUFM,7284,7284_900231,NM_003321:c.445G>A,NP_003312:p.G149S,Quasi-wild-type,508
Disease mutation,UBE3A,7337,7337_11819,NM_130838:c.1045T>C,NP_570853:p.S349P,Perturbed-degree-1,509
Disease mutation,UBE3A,7337,7337_11822,NM_130838:c.1516C>T,NP_570853:p.R506C,Perturbed-degree-1,510
Disease mutation,UBE3A,7337,7337_11825,NM_130838:c.2411T>A,NP_570853:p.I804K,Perturbed-degree-1,511
Disease mutation,VANGL1,81839,81839_20657,NM_138959:c.715G>A,NP_620409:p.V239I,Gain-of-interaction,512
Disease mutation,VDR,7421,7421_18433,NM_001017535:c.98G>A,NP_001017535:p.G33D,Quasi-wild-type,513
Disease mutation,VDR,7421,7421_18444,NM_001017535:c.570T>G,NP_001017535:p.C190W,Edgetic,514
Disease mutation,VDR,7421,7421_18448,NM_001017535:c.803T>C,NP_001017535:p.I268T,Quasi-wild-type,515
Disease mutation,VDR,7421,7421_18454,NM_001017535:c.985G>A,NP_001017535:p.E329K,Quasi-null,516
Disease mutation,VHL,7428,7428_22221,NM_000551:c.112T>C,NP_000542:p.S38P,Perturbed-degree-1,517
Disease mutation,VHL,7428,7428_22297,NM_000551:c.332G>T,NP_000542:p.S111I,Perturbed-degree-1,518
Disease mutation,XRCC4,7518,7518_13709,NM_022406:c.401T>C,NP_071801:p.I134T,Unperturbed-degree-1,519
Disease mutation,ZCCHC12,170261,170261_18533,NM_173798:c.19C>T,NP_776159:p.R7C,Edgetic,520
Disease mutation,ZCCHC12,170261,170261_18534,NM_173798:c.1031C>T,NP_776159:p.T344I,Edgetic,521
Disease mutation,ZDHHC9,51114,51114_6216,NM_016032:c.442C>T,NP_057116:p.R148W,Perturbed-degree-1,522
Disease mutation,ZDHHC9,51114,51114_6217,NM_016032:c.448C>T,NP_057116:p.P150S,Perturbed-degree-1,523
Disease mutation,ZNF41,7592,7592_3854,NM_153380:c.332C>T,NP_700359:p.P111L,Perturbed-degree-1,524
Non-disease variant,ZNF41,7592,7592_900185,NM_153380:c.374T>G,NP_700359:p.I125R,Unperturbed-degree-1,525
Non-disease variant,ZNF41,7592,7592_900188,NM_153380:c.901T>C,NP_700359:p.C301R,Unperturbed-degree-1,526
Disease mutation,ZNF624,57547,57547_24413,NM_020787:c.405G>T,NP_065838:p.K135N,Unperturbed-degree-1,527